playerID,nameLast,nameGiven,debut
deshide01,DeShields,Delino Lamont,1990
hiltoho01,Hilton,Howard James,1990
layanti01,Layana,Timothy Joseph,1990
radinsc01,Radinsky,Scott David,1990
rohdeda01,Rohde,David Grant,1990
ruskisc01,Ruskin,Scott Drew,1990
bohanbr01,Bohanon,Brian Edward,1990
knackbr01,Knackert,Brent Bradley,1990
sampebi01,Sampen,William Albert,1990
blairwi01,Blair,William Allen,1990
bordimi01,Bordick,Michael Todd,1990
gundeer01,Gunderson,Eric Andrew,1990
hollida01,Hollins,David Michael,1990
kieckda01,Kiecker,Dana Ervin,1990
grebecr01,Grebeck,Craig Allen,1990
baergca01,Baerga,Carlos Obed,1990
millsal01,Mills,Alan Bernard,1990
wapnist01,Wapnick,Steven Lee,1990
bearske01,Bearse,Kevin Gerard,1990
valdera01,Valdez,Rafael Emilio,1990
manonra01,Manon,Ramon,1990
hernaca01,Hernandez,Carlos Alberto,1990
grosski01,Gross,Kip Lee,1990
traxlbr01,Traxler,Brian Lee,1990
carrch02,Carr,Charles Lee Glenn,1990
irvinda01,Irvine,Daryl Keith,1990
kutzlje01,Kutzler,Jerry Scott,1990
mccraro01,McCray,Rodney Duncan,1990
shawje01,Shaw,Jeffrey Lee,1990
reedda01,Reed,Darren A. Douglass,1990
shumpte01,Shumpert,Terrance Darnell,1990
bellmi01,Bell,Michael Allen,1990
parkeri01,Parker,Richard Alan,1990
diazca02,Diaz,Carlos Francisco,1990
seguida01,Segui,David Vincent,1990
goffje01,Goff,Jerry Leroy,1990
hundlto01,Hundley,Todd Randolph,1990
boskish01,Boskie,Shawn Kealoha,1990
baldwje01,Baldwin,Jeffrey Allen,1990
sprinst01,Springer,Steven Michael,1990
hoovejo02,Hoover,John Nicklaus,1990
vatchji01,Vatcher,James Ernest,1990
villahe01,Villanueva,Hector,1990
liddeda01,Liddell,David Alexander,1990
kremeji01,Kremers,James Edward,1990
gilleto02,Gilles,Thomas Bradford,1990
mantoje01,Manto,Jeffrey Paul,1990
leyriji01,Leyritz,James Joseph,1990
nabhoch01,Nabholz,Christopher William,1990
averyst01,Avery,Steven Thomas,1990
ortizja01,Ortiz,Javier Victor,1990
pooleji02,Poole,James Richard,1990
howarst01,Howard,Steven Bernard,1990
ericksc01,Erickson,Scott Gavin,1990
merceor01,Merced,Orlando Luis,1990
maaske01,Maas,Kevin Christian,1990
nagych01,Nagy,Charles Harrison,1990
rodriri02,Rodriguez,Richard Anthony,1990
farmeho01,Farmer,Howard Earl,1990
howarth01,Howard,Thomas Sylvester,1990
wellste01,Wells,Terry,1990
harrire01,Harris,Reginald Allen,1990
frymatr01,Fryman,David Travis,1990
whitema01,Whiten,Mark Anthony,1990
sojolu01,Sojo,Luis Beltran,1990
youngcl01,Young,Clifford Raphael,1990
naehrti01,Naehring,Timothy James,1990
hammoch01,Hammond,Christopher Andrew,1990
stevele01,Stevens,DeWain Lee,1990
azocaos01,Azocar,Oscar Gregorio,1990
stottme02,Stottlemyre,Melvin Leon,1990
canseoz01,Canseco,Osvaldo,1990
leonama01,Leonard,Mark David,1990
leitema01,Leiter,Mark Edward,1990
aloumo01,Alou,Moises Rojas,1990
brownke03,Brown,Kevin Dewayne,1990
coleal01,Cole,Alexander,1990
encarlu01,Encarnacion,Luis Martin Lora,1990
wardco02,Ward,Robert Colby,1990
bitkejo01,Bitker,Joseph Anthony,1990
novoara01,Novoa,Rafael Angel,1990
neidlji01,Neidlinger,James Llewellyn,1990
rojasme01,Rojas,Melquiades,1990
fernaal01,Fernandez,Alexander,1990
thomafr04,Thomas,Frank Edward,1990
grahejo01,Grahe,Joseph Milton,1990
tomlira01,Tomlin,Randy Leon,1990
mcraebr01,McRae,Brian Wesley,1990
rhodeka01,Rhodes,Karl Derrick,1990
dicksla01,Dickson,Lance Michael,1990
valdeef01,Valdez,Efrain Antonio,1990
walshda01,Walsh,David Peter,1990
macdobo01,Macdonald,Robert Joseph,1990
sherrti01,Sherrill,Timothy Shawn,1990
yorkmi01,York,Michael David,1990
coachpe01,Coachman,Bobby Dean,1990
olivaom01,Olivares,Omar,1990
offerjo01,Offerman,Jose Antonio,1990
telfoan01,Telford,Anthony Charles,1990
martiti02,Martinez,Constantino,1990
abbotpa01,Abbott,Paul David,1990
campbji03,Campbell,James Marcus,1990
lankfra01,Lankford,Raymond Lewis,1990
lewisda01,Lewis,Darren Joel,1990
pavlada01,Pavlas,David Lee,1990
plantph01,Plantier,Phillip Alan,1990
deweyma01,Dewey,Mark Alan,1990
chambwe01,Chamberlain,Wesley Polk,1990
holmeda01,Holmes,Darren Lee,1990
marakpa01,Marak,Paul Patrick,1990
moranmi01,Morandini,Michael Robert,1990
munozpe01,Munoz,Pedro Javier,1990
valerju01,Valera,Julio Enrique,1990
cedenan01,Cedeno,Andujar,1990
mcclepa01,McClellan,Paul William,1990
osunaal01,Osuna,Alfonso,1990
baezke01,Baez,Kevin Richard,1990
belchke01,Belcher,Kevin Donnell,1990
haselbi01,Haselman,William Joseph,1990
leete01,Lee,Terry James,1990
leiussc01,Leius,Scott Thomas,1990
mcintti01,McIntosh,Timothy Allen,1990
gilkebe01,Gilkey,Otis Bernard,1990
gonzalu01,Gonzalez,Luis Emilio,1990
quinlto01,Quinlan,Thomas Raymond,1990
brewero01,Brewer,Rodney Lee,1990
chiamsc01,Chiamparino,Scott Michael,1990
chitrst01,Chitren,Stephen Vincent,1990
coopesc01,Cooper,Scott Kendrick,1990
penage01,Pena,Geronimo,1990
perezmi01,Perez,Michael Irvin,1990
simmsmi01,Simms,Michael Howard,1990
cuylemi01,Cuyler,Milton,1990
fariepa01,Faries,Paul Tyrrell,1990
malonch02,Malone,Charles Ray,1990
mayde01,May,Derrick Brant,1990
rosarvi01,Rosario,Victor Manuel,1990
rowlari01,Rowland,Richard Garnet,1990
burbada01,Burba,David Allen,1990
delucri01,DeLucia,Richard Anthony,1990
gardimi01,Gardiner,Michael James,1990
aldresc01,Aldred,Scott Phillip,1990
alexage01,Alexander,Gerald Paul,1990
casiala01,Casian,Lawrence Paul,1990
elvirna01,Elvira,Narciso Chicho,1990
wagnehe02,Wagner,Hector Raul Guerrero,1990
wardtu01,Ward,Turner Max,1990
melenjo01,Melendez,Jose Luis,1990
adkinst01,Adkins,Steven Thomas,1990
barnebr01,Barnes,Brian Keith,1990
lopezlu01,Lopez,Luis Antonio,1990
coninje01,Conine,Jeffrey Guy,1990
hanseda01,Hansen,David Andrew,1990
maldoca02,Maldonado,Carlos Cesar,1990
santaan01,Santana,Andres Confesor,1990
berryse01,Berry,Sean Robert,1990
gomezle02,Gomez,Leonardo,1990
hennira01,Hennis,Randall Philip,1990
deckest01,Decker,Steven Michael,1990
garceri01,Garces,Richard Aron,1990
maynebr01,Mayne,Brent Danem,1990
minutgi01,Minutelli,Gino Michael,1990
smithda04,Smith,Daryl Clinton,1990
richaje02,Richardson,Jeffrey Scott,1990
garcica01,Garcia,Carlos Jesus,1990
stephra01,Stephens,Carl Ray,1990
lewissc01,Lewis,Scott Allen,1990
jelicch01,Jelic,Christopher John,1990
sutkogl01,Sutko,Glenn Edward,1990
bagweje01,Bagwell,Jeffrey Robert,1991
kileda01,Kile,Darryl Andrew,1991
scrugto01,Scruggs,Anthony Raymond,1991
timlimi01,Timlin,Michael August,1991
knoblch01,Knoblauch,Edward Charles,1991
schoupe01,Schourek,Peter Alan,1991
scottga01,Scott,Gary Thomas,1991
simondo01,Simons,Douglas Eugene,1991
slocuhe01,Slocumb,Heath,1991
slusajo01,Slusarski,Joseph Andrew,1991
allisda01,Allison,Dana Eric,1991
bouchde01,Boucher,Denis,1991
dresski01,Dressendorfer,Kirk Richard,1991
eglofbr01,Egloff,Bruce Edward,1991
escobjo01,Escobar,Jose Elias,1991
howarda02,Howard,David Wayne,1991
drahmbr01,Drahman,Brian Stacy,1991
briscjo01,Briscoe,John Eric,1991
pappaer01,Pappas,Erik Daniel,1991
riesgni01,Riesgo,Damon Nikco,1991
jonesch05,Jones,Christopher Carlos,1991
magnami01,Magnante,Michael Anthony,1991
lewisma01,Lewis,Mark David,1991
fasseje01,Fassero,Jeffrey Joseph,1991
giannra01,Giannelli,Raymond John,1991
beckro01,Beck,Rodney Roy,1991
donnech01,Donnels,Chris Barton,1991
scanlbo01,Scanlan,Robert Guy,1991
spraged02,Sprague,Edward Nelson,1991
wardke01,Ward,Kevin Michael,1991
waltobr01,Walton,Bruce Kenneth,1991
benavfr01,Benavides,Alfredo,1991
hunteji01,Hunter,James MacGregor,1991
magalev01,Magallanes,Everardo,1991
jeffere01,Jefferson,Reginald Jirod,1991
ricepa01,Rice,Patrick Edward,1991
taubeed01,Taubensee,Edward Kenneth,1991
kellypa03,Kelly,Patrick Franklin,1991
wakamdo01,Wakamatsu,Wilbur Donald,1991
carrima01,Carrillo,Matias,1991
motajo01,Mota,Jose Manuel,1991
amarari01,Amaral,Richard Louis,1991
landrce01,Landrum,Cedric Bernard,1991
newsowa01,Newson,Warren Dale,1991
daltomi01,Dalton,Michael Edward,1991
garcira03,Garcia,Ramon Antonio,1991
huntebr01,Hunter,Brian Raynold,1991
taylowa01,Taylor,Wade Eric,1991
johnsje02,Johnson,William Jeffrey,1991
wilkiri01,Wilkins,Richard David,1991
guzmaju01,Guzman,Juan Andres,1991
amaroru02,Amaro,Ruben,1991
guzmajo02,Guzman,Dionini Ramon,1991
petkoma01,Petkovsek,Mark Joseph,1991
gakelda01,Gakeler,Daniel Michael,1991
ashbyan01,Ashby,Andrew Jason,1991
piattdo01,Piatt,Douglas William,1991
gratema01,Grater,Mark Anthony,1991
jonesca01,Jones,Calvin Douglas,1991
mutisje01,Mutis,Jeffrey Thomas,1991
plympje01,Plympton,Jeffrey Hunter,1991
remlimi01,Remlinger,Michael John,1991
barbebr01,Barberie,Bret Edward,1991
rodrica01,Rodriguez,Carlos,1991
kamiesc01,Kamieniecki,Scott Andrew,1991
rodriiv01,Rodriguez,Ivan,1991
haneych01,Haney,Christopher Deane,1991
mathete01,Mathews,Terry Alan,1991
scottti01,Scott,Timothy Dale,1991
rosenwa01,Rosenthal,Wayne Scott,1991
castifr01,Castillo,Frank Anthony,1991
vaughmo01,Vaughn,Maurice Samuel,1991
bellde01,Bell,Derek Nathaniel,1991
meachru01,Meacham,Russell Loren,1991
brownja03,Brown,Jarvis Ardel,1991
davisma02,Davis,Mark Anthony,1991
renfrla01,Renfroe,Cohen Willams,1991
austiji02,Austin,James Parker,1991
martich01,Martinez,Reyenaldo Ignacio,1991
mortoke01,Morton,Kevin Joseph,1991
carream01,Carreno,Amalio Rafael,1991
mauseti01,Mauser,Timothy Edward,1991
willibe02,Williams,Bernabe,1991
servasc01,Servais,Scott Daniel,1991
henrydo01,Henry,Richard Douglas,1991
wehnejo01,Wehner,John Paul,1991
spehrti01,Spehr,Timothy Joseph,1991
campbke01,Campbell,Kevin Wade,1991
livinsc01,Livingstone,Scott Louis,1991
beaslch01,Beasley,Christopher Charles,1991
bowenry01,Bowen,Ryan Eugene,1991
banisje01,Banister,Jeffery Todd,1991
mitchke02,Mitchell,Keith Alexander,1991
hickebr01,Hickerson,Bryan David,1991
kielyjo01,Kiely,John Francis,1991
neaglde01,Neagle,Dennis Edward,1991
tolenjo01,Tolentino,Jose,1991
humphmi01,Humphreys,Michael Butler,1991
jonesst02,Jones,Joseph Stacy,1991
millepa01,Miller,Paul Robert,1991
bankswi01,Banks,Willie Anthony,1991
carteje01,Carter,Jeffrey Allen,1991
hillmi01,Hill,Milton Giles,1991
weathda01,Weathers,John David,1991
wainhda01,Wainhouse,David Paul,1991
mussimi01,Mussina,Michael Cole,1991
youngan01,Young,Anthony Wayne,1991
flemida01,Fleming,David Anthony,1991
brosisc01,Brosius,Scott David,1991
eusebto01,Eusebio,Raul Antonio Bare,1991
hernajo01,Hernandez,Jose Antonio,1991
lewisji02,Lewis,James Steven,1991
sanfomo01,Sanford,Meredith Leroy,1991
fajarhe01,Fajardo,Hector,1991
pulliha01,Pulliam,Harvey Jerome,1991
bonesri01,Bones,Ricardo Ricky,1991
reynoar02,Reynoso,Armando Martin,1991
cormirh01,Cormier,Rheal Paul,1991
cronch01,Cron,Christopher John,1991
wohlema01,Wohlers,Mark Edward,1991
castibr01,Castillo,Braulio Robinson Medrano,1991
rhodear01,Rhodes,Arthur Lee,1991
fostest01,Foster,Steven Eugene,1991
ignasmi01,Ignasiak,Michael James,1991
sandere02,Sanders,Reginald Laverne,1991
witmero01,Witmeyer,Ronald Herman,1991
mcdante01,McDaniel,Terrence Keith,1991
motaan01,Mota,Andres Alberto,1991
castivi02,Castilla,Vinicio,1991
goodwto01,Goodwin,Thomas Jones,1991
heredgi01,Heredia,Gilbert,1991
karroer01,Karros,Eric Peter,1991
hernaje02,Hernandez,Jeremy Stuart,1991
hernaro01,Hernandez,Roberto Manuel,1991
zoskyed01,Zosky,Edward James,1991
beltres01,Beltre,Esteban,1991
brantcl01,Brantley,Clifford,1991
bullesc01,Bullett,Scott Douglas,1991
dreesto01,Drees,Thomas Kent,1991
hentgpa01,Hentgen,Patrick George,1991
brosste01,Bross,Terrance Paul,1991
harrido01,Harris,Donald,1991
thomeji01,Thome,James Howard,1991
woodte01,Wood,Edward Robert,1991
colest01,Cole,Stewart Bryan,1991
horsmvi01,Horsman,Vincent Stanley Joseph,1991
johnsjo06,Johnston,Joel Raymond,1991
knorrra01,Knorr,Randy Duane,1991
moorebo02,Moore,Robert Vincent,1991
clarkma01,Clark,Mark Willard,1991
farismo01,Fariss,Monty Ted,1991
haresh01,Hare,Shawn Robert,1991
manueba01,Manuel,Barry Paul,1991
vandejo02,Vander Wal,John Henry,1991
delarfr01,de la Rosa,Francisco,1991
pedrejo01,Pedre,Jorge Enrique,1991
zupcibo01,Zupcic,Robert,1991
batiski01,Batiste,Kimothy Emil,1991
haasda01,Haas,Robert David,1991
maurero01,Maurer,Robert John,1991
mercelu01,Mercedes,Luis Roberto,1991
sanchre01,Sanchez,Rey Francisco,1991
kiserga01,Kiser,Garland Routhard,1991
abbotky01,Abbott,Lawrence Kyle,1991
chrismi02,Christopher,Michael Wayne,1991
corbiar01,Corbin,Archie Ray,1991
gardnch01,Gardner,Christopher John,1991
gardnje01,Gardner,Jeffrey Scott,1991
rossyri01,Rossy,Elam Jose,1991
royerst01,Royer,Stanley Dean,1991
tackeje01,Tackett,Jeffrey Wilson,1991
vanpoto01,Van Poppel,Todd Matthew,1991
kirbywa01,Kirby,Wayne Leonard,1991
krameto01,Kramer,Thomas Joseph,1991
loftoke01,Lofton,Kenneth,1991
coopega02,Cooper,Gary Clifton,1991
howarch01,Howard,Christopher Hugh,1991
judenje01,Juden,Jeffrey Daniel,1991
lennopa01,Lennon,Patrick Orlando,1991
willibr01,Williams,Brian O'Neal,1991
housiwa01,Housie,Wayne Tyrone,1991
ramosjo01,Ramos,John Joseph,1991
claytro01,Clayton,Royce Spencer,1991
olandji01,Olander,James Bentley,1991
chapida01,Chapin,Darrin John,1991
eldreca01,Eldred,Calvin John,1991
florake01,Flora,Kevin Scot,1991
perezyo01,Perez,Yorkis Miguel Vargas,1991
georgch01,George,Christopher Sean,1991
manzajo01,Manzanillo,Josias,1991
wedgeer01,Wedge,Eric Michael,1991
lindsdo01,Lindsey,Michael Douglas,1991
brumfja01,Brumfield,Jacob Donnell,1992
colbecr01,Colbert,Craig Charles,1992
pattejo01,Patterson,John Allen,1992
cianfar01,Cianfrocco,Angelo Dominic,1992
curtich01,Curtis,Chad David,1992
doherjo02,Doherty,John Harold,1992
jordabr01,Jordan,Brian O'Neal,1992
listapa01,Listach,Patrick Alan,1992
pegueju01,Peguero,Julio Cesar,1992
trlicri01,Trlicek,Richard Alan,1992
guerrju01,Guerrero,Juan Antonio,1992
henrybu01,Henry,Floyd Bluford,1992
mcnamji01,McNamara,James Patrick,1992
osbordo01,Osborne,Donovan Alan,1992
riverbe01,Rivera,Bienvenido,1992
suerowi01,Suero,Williams,1992
batismi01,Batista,Miguel Jerez,1992
hoype01,Hoy,Peter Alexander,1992
stankan01,Stankiewicz,Andrew Neal,1992
bransje01,Branson,Jeffery Glenn,1992
flahejo01,Flaherty,John Timothy,1992
groteje02,Grotewold,Jeffrey Scott,1992
kentje01,Kent,Jeffrey Franklin,1992
mahompa01,Mahomes,Patrick Lavon,1992
nelsoje01,Nelson,Jeffrey Allan,1992
sprinru01,Springer,Russell Paul,1992
pichahi01,Pichardo,Hipolito Antonio,1992
mercehe01,Mercedes,Henry Felipe,1992
levisje01,Levis,Jesse,1992
silveda01,Silvestri,David Joseph,1992
pavliro01,Pavlik,Roger Allen,1992
doziedj01,Dozier,William Henry,1992
ariasal01,Arias,Alejandro,1992
rebouje01,Reboulet,Jeffrey Allen,1992
heffebe01,Heffernan,Bertram Alexander,1992
scarsst01,Scarsone,Steven Wayne,1992
knudsku01,Knudsen,Kurt David,1992
brinkbr01,Brink,Bradford Albert,1992
figuebi01,Figueroa,Bienvenido,1992
hillmer01,Hillman,John Eric,1992
nilssda01,Nilsson,David Wayne,1992
bulliji01,Bullinger,James Eric,1992
clarkph02,Clark,Phillip Benjamin,1992
stairma01,Stairs,Matthew Wade,1992
neeltr01,Neel,Troy Lee,1992
walteda01,Walters,Daniel Gene,1992
seminfr01,Seminara,Frank Peter,1992
bruetjt01,Bruett,Joseph Timothy,1992
mcginru01,McGinnis,Russell Brent,1992
marshto01,Marsh,Thomas Owen,1992
youngpe02,Young,Bryan Owen,1992
colevi01,Cole,Victor Alexander,1992
leonda01,Leon,Danilo Enrique,1992
ayraubo01,Ayrault,Robert Cunningham,1992
hurstjo01,Hurst,Jonathan,1992
jetersh01,Jeter,Shawn Darrell,1992
tuckeed01,Tucker,Eddie Jack,1992
walkemi02,Walker,Michael Aaron,1992
groombu01,Groom,Wedsel Gary,1992
menento01,Menendez,Antonio Gustavo,1992
peltida01,Peltier,Daniel Edward,1992
pennywi01,Pennyfeather,William Nathaniel,1992
kosloke01,Koslofski,Kevin Craig,1992
willimi03,Williams,Michael Darren,1992
astacpe01,Astacio,Pedro Julio,1992
shiffst01,Shifflett,Stephen Earl,1992
rodrihe02,Rodriguez,Henry Anderson,1992
botteke01,Bottenfield,Kent Dennis,1992
butchmi01,Butcher,Michael Dana,1992
foxer01,Fox,Eric Hollis,1992
penaji01,Pena,James Patrick,1992
maysema01,Maysey,Matthew Samuel,1992
rislebi01,Risley,William Charles,1992
colbrgr01,Colbrunn,Gregory Joseph,1992
fryeje01,Frye,Jeffrey Dustin,1992
jahajo01,Jaha,John Emil,1992
howelpa01,Howell,Patrick O'Neal,1992
rapppa01,Rapp,Patrick Leland,1992
nielsje01,Nielsen,Gerald Arthur,1992
youngke01,Young,Kevin Stacey,1992
millejo05,Millette,Joseph Anthony,1992
natalro01,Natal,Robert Marcel,1992
hernace01,Hernandez,Cesar Dario,1992
woodske01,Woodson,Walter Browne,1992
fortuti01,Fortugno,Timothy Shawn,1992
quantpa01,Quantrill,Paul John,1992
reynosh01,Reynolds,Richard Shane,1992
cordewi01,Cordero,Wilfredo,1992
diazal01,Diaz,Alexis,1992
shielto01,Shields,Thomas Charles,1992
wagnepa01,Wagner,Paul Alan,1992
valenjo02,Valentin,John William,1992
cookest01,Cooke,Steven Montague,1992
martial03,Martin,Albert Lee,1992
minorbl01,Minor,Blas,1992
moellde01,Moeller,Dennis Michael,1992
prattto02,Pratt,Todd Alan,1992
younger01,Young,Eric Orlando,1992
lewisri01,Lewis,Richie Todd,1992
wakefti01,Wakefield,Timothy Stephen,1992
lintodo01,Linton,Douglas Warren,1992
voigtja01,Voigt,John David,1992
whitema02,Whiteside,Matthew Christopher,1992
bartosh01,Barton,Shawn Edward,1992
brognri01,Brogna,Rico Joseph,1992
militsa01,Militello,Sam Salvatore,1992
hulseda01,Hulse,David Lindsey,1992
easleda01,Easley,Jacinto Damion,1992
raczkmi01,Raczka,Michael,1992
lakerti01,Laker,Timothy John,1992
boonebr01,Boone,Bret Robert,1992
trombmi01,Trombley,Michael Scott,1992
salmoti01,Salmon,Timothy James,1992
revento01,Revenig,Todd Michael,1992
wickmbo01,Wickman,Robert Joe,1992
hoseyst01,Hosey,Steven Bernard,1992
reedst01,Reed,Steven Vincent,1992
ryanke01,Ryan,Kenneth Frederick,1992
ashlebi01,Ashley,Billy Manual,1992
bournra01,Bournigal,Rafael Antonio,1992
greenwi01,Greene,Willie Louis,1992
niedda01,Nied,David Glen,1992
nieveme01,Nieves,Melvin,1992
piazzmi01,Piazza,Michael Joseph,1992
pughti01,Pugh,Timothy Dean,1992
thompry01,Thompson,Ryan Orlando,1992
maksumi01,Maksudian,Michael Bryant,1992
rogerke02,Rogers,Charles Kevin,1992
ayalabo01,Ayala,Robert Joseph,1992
cartela01,Carter,Larry Gene,1992
pierced01,Pierce,Edward John,1992
shephke01,Shepherd,Keith Wayne,1992
ramsefe01,Ramsey,Fernando David,1992
wilsoda01,Wilson,Daniel Allen,1992
brocado01,Brocail,Douglas Keith,1992
hathahi01,Hathaway,Hillary Houston,1992
willire02,Williams,Reginald Bernard,1992
haneyto01,Haney,Todd Michael,1992
hitchst01,Hitchcock,Sterling Alex,1992
martido02,Martinez,Domingo Emilio,1992
parksde01,Parks,Derek Gavin,1992
scheiri02,Scheid,Richard Paul,1992
hartsje01,Hartsock,Jeffrey Roger,1992
kleskry01,Klesko,Ryan Anthony,1992
mlickda01,Mlicki,David John,1992
smithda05,Smith,Daniel Scott,1992
velasgu01,Velasquez,Guillermo,1992
britobe01,Brito,Bernardo,1992
embreal01,Embree,Alan Duane,1992
willige02,Williams,Gerald Floyd,1992
taylosc01,Taylor,Rodney Scott,1992
valenjo03,Valentin,Jose Antonio,1992
alexama02,Alexander,Manuel de Jesus,1992
coloncr01,Colon,Cristobal,1992
costoti01,Costo,Timothy Roger,1992
lopezja01,Lopez,Javier,1992
tatumji01,Tatum,James Ray,1992
vitkojo01,Vitko,Joseph John,1992
hollije01,Hollins,Jessie Edward,1992
snowjt01,Snow,Jack Thomas,1992
martipe02,Martinez,Pedro Jaime,1992
borbope02,Borbon,Pedro Felix,1992
bolicfr01,Bolick,Frank Charles,1993
gilbe01,Gil,Romar Benjamin,1993
posesc01,Pose,Scott Vernon,1993
gomezpa01,Gomez,Patrick Alexander,1993
hoffmtr01,Hoffman,Trevor William,1993
kmakjo01,Kmak,Joseph Robert,1993
tinslle01,Tinsley,Lee Owen,1993
gohrgr01,Gohr,Gregory James,1993
hiattph01,Hiatt,Philip Farrell,1993
lansimi01,Lansing,Michael Thomas,1993
mohlemi01,Mohler,Michael Ross,1993
walbema01,Walbeck,Matthew Lovick,1993
brewebi01,Brewer,William Robert,1993
frazilo01,Frazier,Arthur Louis,1993
merribr01,Merriman,Brett Alan,1993
shermda02,Sherman,Darrell Edward,1993
arochre01,Arocha,Rene,1993
greenty01,Green,Tyler Scott,1993
boltoro01,Bolton,Rodney Earl,1993
cummijo01,Cummings,John Russell,1993
drapemi01,Draper,Michael Anthony,1993
nenro01,Nen,Robert Allen,1993
obandsh01,Obando,Sherman Omar,1993
vinafe01,Vina,Fernando,1993
lloydgr01,Lloyd,Graeme John,1993
mcmicgr01,McMichael,Gregory Winston,1993
gutieri01,Gutierrez,Ricardo,1993
tayloke01,Taylor,Kerry Thomas,1993
canatwi01,Canate,William Emisael,1993
hamptmi01,Hampton,Michael William,1993
pennibr01,Pennington,Brad Lee,1993
bogarti01,Bogar,Timothy Paul,1993
urbanto01,Urbani,Thomas James,1993
daalom01,Daal,Omar Jesus,1993
turnema01,Turner,William Matthew,1993
schwaje01,Schwarz,Jeffrey William,1993
tsamige01,Tsamis,George Alex,1993
browsc01,Brow,Scott John,1993
fredrsc01,Fredrickson,Scott Eric,1993
roberri02,Robertson,Richard Wayne,1993
tarasto01,Tarasco,Anthony Giacinto,1993
bronkje01,Bronkey,Jacob Jeffery,1993
mieskma01,Mieske,Matthew Todd,1993
buforda01,Buford,Damon Jackson,1993
gatesbr01,Gates,Brent Robert,1993
mearepa01,Meares,Patrick James,1993
cookan01,Cook,Andrew Bernard,1993
oleartr01,O'Leary,Troy Franklin,1993
dipotje01,Dipoto,Gerard Peter,1993
shinaza01,Shinall,Zakary Sebastien,1993
gaineja01,Gainer,Johnathan Keith,1993
williwo02,Williams,Gregory Scott,1993
shavejo01,Shave,Jonathan Taylor,1993
roperjo01,Roper,John Christopher,1993
mccarda01,McCarty,David Andrew,1993
lydysc01,Lydy,Donald Scott,1993
cedendo01,Cedeno,Domingo Antonio,1993
paintla01,Painter,Lance Telford,1993
conveji01,Converse,James Daniel,1993
wertzbi01,Wertz,William Charles,1993
armasma01,Armas,Marcos Rafael,1993
careypa01,Carey,Paul Stephan,1993
bereja01,Bere,Jason Phillip,1993
brummgr01,Brummett,Gregory Scott,1993
higgike01,Higgins,Kevin Wayne,1993
munozbo01,Munoz,Roberto,1993
castepe01,Castellano,Pedro Orlando,1993
byrdji01,Byrd,James Edward,1993
scottda01,Scott,Darryl Nelson,1993
paquecr01,Paquette,Craig Harold,1993
ettlema01,Ettles,Mark Edward,1993
miranan01,Miranda,Angel Luis,1993
owensja02,Owens,Claude Jayhawk,1993
butlero01,Butler,Robert Frank John,1993
telghda01,Telgheder,David William,1993
gonzala01,Gonzales,Lawrence Christopher,1993
guarded01,Guardado,Edward Adrain,1993
saunddo01,Saunders,Douglas Long,1993
lydenmi01,Lyden,Mitchell Scott,1993
sheltbe01,Shelton,Benjamin Davis,1993
wendetu01,Wendell,Steven John,1993
ruffcsc01,Ruffcorn,Scott Patrick,1993
correro01,Correia,Ronald Douglas,1993
burnije01,Burnitz,Jeromy Neal,1993
seleaa01,Sele,Aaron Helmer,1993
hammoje01,Hammonds,Jeffrey Bryan,1993
whitmda02,Whitmore,Darrell Lamont,1993
worreti01,Worrell,Timothy Howard,1993
leede01,Lee,Derek Gerald,1993
leskacu01,Leskanic,Curtis John,1993
odonojo02,O'Donoghue,John Preston,1993
martipe03,Martinez,Pedro,1993
evereca01,Everett,Carl Edward,1993
spradje01,Spradlin,Jerry Carl,1993
luebbla01,Luebbers,Larry Christopher,1993
holmabr02,Holman,Bradley Thomas,1993
lopezal02,Lopez,Albert Anthony,1993
newfima01,Newfield,Marc Alexander,1993
bergmse01,Bergman,Sean Frederick,1993
jonesto02,Jones,Todd Barton Givin,1993
rueteki01,Rueter,Kirk Wesley,1993
stockke01,Stocker,Kevin Douglas,1993
johnser03,Johnson,Erik Anthony,1993
watsoal01,Watson,Allen Kenneth,1993
gordoke01,Gordon,Keith Bradley,1993
moorema01,Moore,Marcus Braymont,1993
fletcpa01,Fletcher,Edward Paul,1993
burgoen01,Burgos,Enrique,1993
mejiaro02,Mejia,Roberto Antonio,1993
roberke01,Roberson,Kevin Lynn,1993
gomezch02,Gomez,Christopher Cory,1993
mondera01,Mondesi,Raul Ramon,1993
whitede04,White,Derrick Ramon,1993
huttoma01,Hutton,Mark Steven,1993
perezed01,Perez,Eduardo Atanacio,1993
ausmubr01,Ausmus,Bradley David,1993
siddajo01,Siddall,Joseph Todd,1993
vanbuty01,Van Burkleo,Tyler Lee,1993
leftwph01,Leftwich,Phillip Dale,1993
planter01,Plantenberg,Erik John,1993
shousbr01,Shouse,Brian Douglas,1993
tubbsgr01,Tubbs,Gregory Alan,1993
sandesc02,Sanders,Scott Gerald,1993
tavarju01,Tavarez,Julian,1993
dreyest01,Dreyer,Steven William,1993
jeando01,Jean,Domingo,1993
ruffijo01,Ruffin,Johnny Renando,1993
marreor01,Marrero,Oreste Vilato,1993
tombean01,Tomberlin,Andy Lee,1993
pirklgr01,Pirkl,Gregory Daniel,1993
turanbr01,Turang,Brian Craig,1993
jonesbo03,Jones,Robert Joseph,1993
oquismi01,Oquist,Michael Lee,1993
desiljo01,DeSilva,John Reed,1993
karsast01,Karsay,Stefan Andrew,1993
holzema01,Holzemer,Mark Harold,1993
koellbr01,Koelling,Brian Wayne,1993
mcgehke01,McGehee,George Kevin,1993
turnech01,Turner,Christopher Wan,1993
faneyri01,Faneyte,Rikkert,1993
hopejo01,Hope,John Alan,1993
torresa01,Torres,Salomon,1993
ortizlu01,Ortiz,Luis Alberto,1993
baileco01,Bailey,Philip Cory,1993
oliveda02,Oliver,Darren Christopher,1993
smithro02,Smithberg,Roger Craig,1993
whitero02,White,Rondell Bernard,1993
kingke01,King,Kevin Ray,1993
ramirma02,Ramirez,Manuel Aristides,1993
batchri01,Batchelor,Richard Anthony,1993
bushich01,Bushing,Christopher Shaun,1993
johnsjo07,Johnstone,John William,1993
longmto01,Longmire,Anthony Eugene,1993
philljr01,Phillips,Charles Gene,1993
helfaer01,Helfand,Eric James,1993
blossgr01,Blosser,Gregory Brent,1993
mcneeje01,McNeely,Jeffrey Lavern,1993
powelro01,Powell,Ross John,1993
brookje01,Brooks,Jerome Edward,1993
navarti01,Navarro,Norberto,1993
abbotku01,Abbott,Kurt Thomas,1993
andermi02,Anderson,Michael James,1993
crometr01,Cromer,Roy Bunyan,1993
dixonst01,Dixon,Steven Ross,1993
lopezlu02,Lopez,Luis Manuel,1993
maclilo01,Maclin,Lonnie Lee,1993
montoch01,Montoyo,Jose Carlos,1993
swingpa01,Swingle,Paul Christopher,1993
huskebu01,Huskey,Robert Leon,1993
salkero01,Salkeld,Roger William,1993
statoda01,Staton,David Alan,1993
wilsoni01,Wilson,Nigel Edward,1993
auderi01,Aude,Richard Thomas,1993
carabra01,Caraballo,Ramon,1993
edmonji01,Edmonds,James Patrick,1993
micelda01,Miceli,Daniel,1993
anderbr02,Anderson,Brian James,1993
beckeri01,Becker,Richard Godhard,1993
cummimi01,Cummings,Midre Almeric,1993
hockide01,Hocking,Dennis Lee,1993
stahosc01,Stahoviak,Scott Edmund,1993
womacto01,Womack,Anthony Darrell,1993
jonesch06,Jones,Larry Wayne,1993
fosteke01,Foster,Kevin Christopher,1993
hamelbo01,Hamelin,Robert James,1993
jimenmi01,Jimenez,Miguel Anthony,1993
minchna01,Minchey,Nathan Derek,1993
flenehu01,Flener,Gregory Alan,1993
pridecu01,Pride,Curtis John,1993
bautida01,Bautista,Daniel,1993
kessike01,Kessinger,Robert Keith,1993
grangje01,Granger,Jeffrey Adam,1993
floydcl01,Floyd,Cornelius Clifford,1993
trachst01,Trachsel,Stephen Christopher,1993
zambred01,Zambrano,Eduardo Jose,1993
kiefema01,Kiefer,Mark Andrew,1993
martino01,Martin,Norberto Enrique,1993
howarch02,Howard,Christian,1993
ronanma01,Ronan,Edward Marcus,1993
loonebr01,Looney,Brian James,1993
greensh01,Green,Shawn David,1993
greerke01,Greer,Kenneth William,1993
delgaca01,Delgado,Carlos Juan,1993
carrahe01,Carrasco,Hector,1994
davisti01,Davis,Timothy Howard,1994
gonzaal01,Gonzalez,Alexander Scott,1994
hurstja01,Hurst,James Lavon,1994
hyersti01,Hyers,Timothy James,1994
ilslebl01,Ilsley,Blaise Francis,1994
moutoja01,Mouton,James Raleigh,1994
petagro01,Petagine,Roberto Antonio,1994
sageraj01,Sager,Anthony Joseph,1994
garagke01,Garagozzo,Keith John,1994
halljo02,Hall,Joseph Geroy,1994
johnsbr01,Johnson,Brian David,1994
kellymi02,Kelly,Michael Raymond,1994
lockhke01,Lockhart,Keith Virgil,1994
stinnke01,Stinnett,Kelly Lee,1994
taylobi04,Taylor,William Howell,1994
jarvike01,Jarvis,Kevin Thomas,1994
spoljpa01,Spoljaric,Paul Nikola,1994
whiteri01,White,Richard Allen,1994
dreifda01,Dreifort,Darren James,1994
mathemi01,Matheny,Michael Scott,1994
reyesca01,Reyes,Carlos Alberto,1994
parkch01,Park,Chan Ho,1994
pulidca01,Pulido,Juan Carlos,1994
cruzfa01,Cruz,Fausto,1994
helliri01,Helling,Ricky Allen,1994
braggda01,Bragg,Darren William,1994
hendero01,Henderson,Rodney Wood,1994
tabakje01,Tabaka,Jeffrey Jon,1994
limajo01,Lima,Jose Desiderio Rodriguez,1994
elliodo01,Elliott,Donald Glenn,1994
hudekjo01,Hudek,John Raymond,1994
mabryjo01,Mabry,John Steven,1994
fabrejo01,Fabregas,Jorge,1994
smithwi03,Smith,Willie Everett,1994
eenhoro01,Eenhoorn,Robert Franciscus,1994
cimorfr01,Cimorelli,Frank Thomas,1994
eversbr01,Eversgerd,Bryan David,1994
hallda01,Hall,Michael Darren,1994
holbera01,Holbert,Ray Arthur,1994
cartean01,Carter,Andrew Godfrey,1994
dunnst02,Dunn,Steven Robert,1994
ogeach01,Ogea,Chad Wayne,1994
perryhe01,Perry,Herbert Edward,1994
johnsch04,Johnson,Charles Edward,1994
mordemi01,Mordecai,Michael Howard,1994
shueypa01,Shuey,Paul Kenneth,1994
finnvga01,Finnvold,Anders Gar,1994
martijo06,Martinez,Jose Miguel,1994
veresda01,Veres,David Scott,1994
cirilje01,Cirillo,Jeffrey Howard,1994
acrema01,Acre,Mark Robert,1994
smithma03,Smith,Mark Edward,1994
ingraga01,Ingram,Garey Lamar,1994
liebejo01,Lieber,Jonathan Ray,1994
greerru01,Greer,Thurman Clyde,1994
ohallgr01,O'Halloran,Gregory Joseph,1994
wellsbo01,Wells,Robert Lee,1994
younger02,Young,Ernest Wesley,1994
steveda01,Stevens,David James,1994
vanlawi01,VanLandingham,William Joseph,1994
tavarje01,Tavarez,Jesus Rafael,1994
hamiljo02,Hamilton,Johns Joseph,1994
borlato02,Borland,Toby Shawn,1994
whitega01,White,Gabriel Allen,1994
saenzol01,Saenz,Olmedo,1994
johnsda05,Johnson,Dane Edward,1994
mercejo02,Mercedes,Jose Miguel,1994
brumldu01,Brumley,Duff Lechaun,1994
haynehe01,Haynes,Heath Burnett,1994
klingsc01,Klingenbeck,Scott Edward,1994
pyeed01,Pye,Robert Edward,1994
stidhph01,Stidham,Phillip Wayne,1994
dalesma01,Dalesandro,Mark Anthony,1994
cornebr01,Cornett,Brad Byron,1994
milleku01,Miller,Kurt Everett,1994
smallaa01,Small,Aaron James,1994
burrote01,Burrows,Terry Dale,1994
darwije01,Darwin,Jeffrey Scott,1994
valdeis01,Valdez,Ismael,1994
dettmjo01,Dettmer,John Franklin,1994
mackqu01,Mack,Quinn David,1994
eischjo01,Eischen,Joseph Raymond,1994
ingrari01,Ingram,Riccardo Benay,1994
vanegti01,Van Egmond,Timothy Layne,1994
huntebr02,Hunter,Brian Lee,1994
liebemi01,Lieberthal,Michael Scott,1994
olivajo01,Oliva,Jose,1994
jacomja01,Jacome,Jason James,1994
davisru01,Davis,Russell Stuart,1994
peguest01,Pegues,Steven Antone,1994
hubbatr01,Hubbard,Trenidad Aviel,1994
milleor01,Miller,Orlando,1994
rodrial01,Rodriguez,Alexander Enmanuel,1994
ausanjo01,Ausanio,Joseph John,1994
mcdavra01,McDavid,Ray Darnell,1994
floribr01,Florie,Bryce Bettencourt,1994
lorraan01,Lorraine,Andrew Jason,1994
matosfr01,Matos,Francisco Aguirre,1994
glinage01,Glinatsis,George,1994
schuler01,Schullstrom,Erik Paul,1994
perezro01,Perez,Robert Alexander,1994
frascjo01,Frascatore,John Vincent,1994
woodabr01,Woodall,David Bradley,1994
buckega02,Buckels,Gary Scott,1994
castiju02,Castillo,Juan Francisco,1994
thompma01,Thompson,Mark Radford,1994
anderga01,Anderson,Garret Joseph,1994
benitar01,Benitez,Armando German,1994
bottari01,Bottalico,Ricky Paul,1994
czajkji01,Czajkowski,James Mark,1994
phoenst01,Phoenix,Steven Robert,1994
bowieji01,Bowie,James R.,1994
singldu01,Singleton,Duane Earl,1994
dunbama01,Dunbar,Matthew Marshall,1995
hollato01,Hollandsworth,Todd Mathew,1995
myersmi01,Myers,Michael Stanley,1995
osunaan01,Osuna,Antonio Pedro,1995
verasqu01,Veras,Quilvio Alberto,1995
alfoned01,Alfonzo,Edgardo Antonio,1995
andresh01,Andrews,Darrell Shane,1995
batesja01,Bates,Jason Charles,1995
battlal01,Battle,Allen Zelmo,1995
chrisja01,Christiansen,Jason Samuel,1995
clontbr01,Clontz,John Bradley,1995
cordoma01,Cordova,Martin Kevin,1995
durhara01,Durham,Ray,1995
eddych01,Eddy,Christopher Mark,1995
fordybr01,Fordyce,Brook Alexander,1995
higgibo02,Higginson,Robert Leigh,1995
johnsma01,Johnson,Mark Patrick,1995
marquis01,Marquez,Isidro,1995
nunnajo01,Nunnally,Jonathan Keith,1995
oterori01,Otero,Ricardo,1995
pemberu01,Pemberton,Rudy Hector,1995
percitr01,Percival,Troy Eugene,1995
piercje01,Pierce,Jeffrey Charles,1995
rodrifr02,Rodriguez,Francisco,1995
timmooz01,Timmons,Osborne Llewellyn,1995
tuckemi01,Tucker,Michael Anthony,1995
alberjo01,Alberro,Jose Edgardo,1995
bailero01,Bailey,Charles Roger,1995
beruman01,Berumen,Andres,1995
doughji01,Dougherty,James Elliott,1995
heredwi01,Heredia,Wilson,1995
lirafe01,Lira,Antonio Felipe,1995
lomonke01,Lomon,Kevin Dale,1995
menhapa01,Menhart,Paul Gerard,1995
perezca01,Perez,Carlos Gross,1995
reyesal01,Reyes,Rafael Alberto,1995
blomdbe01,Blomdahl,Benjamin Earl,1995
fonvich01,Fonville,Chad Everette,1995
grudzma01,Grudzielanek,Mark James,1995
hansegr01,Hansell,Gregory Michael,1995
pennsh01,Penn,Shannon Dion,1995
schmicu01,Schmidt,Curtis Allen,1995
schmija01,Schmidt,Jason David,1995
sparkst01,Sparks,Steven William,1995
steveto01,Steverson,Todd Anthony,1995
villoro01,Villone,Ronald Thomas,1995
wilsoga03,Wilson,Gary Morris,1995
cornere01,Cornelius,Jonathan Reid,1995
hawkila01,Hawkins,LaTroy,1995
jamesmi01,James,Michael Elmo,1995
loaizes01,Loaiza,Esteban Antonio,1995
pettian01,Pettitte,Andrew Eugene,1995
radkebr01,Radke,Brad William,1995
torredi01,Torres,Dilson Dario,1995
vitiejo01,Vitiello,Joseph David,1995
whitese01,Whiteside,David Sean,1995
willito02,Williams,Todd Michael,1995
aceveju01,Acevedo,Juan Carlos,1995
baldwja01,Baldwin,James,1995
boehrbr01,Boehringer,Brian Edward,1995
britojo01,Brito,Jorge Manuel,1995
hookch01,Hook,Christopher Wayne,1995
munozno01,Munoz,Noe,1995
patteje01,Patterson,Jeffrey Simmons,1995
randajo01,Randa,Joseph Gregory,1995
rodrist01,Rodriguez,Steven James,1995
rossejo01,Rosselli,Joseph Donald,1995
wengedo01,Wengert,Donald Paul,1995
encaran01,Encarnacion,Angelo Benjamin,1995
eshelva01,Eshelman,Vaughn Michael,1995
garcifr01,Garcia,Freddy Adrian,1995
nomohi01,Nomo,Hideo,1995
bellda01,Bell,David Michael,1995
hartgde01,Hartgraves,Dean Charles,1995
perezto03,Perez,Tomas Orlando,1995
sturtta01,Sturtze,Tanyon James,1995
bradste01,Bradshaw,Terry Leon,1995
grottma01,Grott,Matthew Allen,1995
karlsc01,Karl,Randall Scott,1995
bochtdo01,Bochtler,Douglas Eugene,1995
bunchme01,Bunch,Melvin Lynn,1995
courtjo01,Courtright,John Charles,1995
mccurje01,McCurry,Jeffrey Dee,1995
mimbsmi01,Mimbs,Michael Randall,1995
sullisc01,Sullivan,William Scott,1995
parrajo01,Parra,Jose Miguel,1995
giambja01,Giambi,Jason Gilbert,1995
hermadu01,Hermanson,Dustin Michael,1995
urbinug01,Urbina,Ugueth Urtain,1995
edenfke01,Edenfield,Kenneth Edward,1995
rodrife01,Rodriguez,Felix Antonio,1995
benneer01,Bennett,Erik Hans,1995
nichtch01,Nichting,Christopher Thomas,1995
carmora01,Carmona,Rafael,1995
mintzst01,Mintz,Stephen Wayne,1995
stynech01,Stynes,Christopher Desmond,1995
rightro01,Rightnowar,Ronald Gene,1995
robersi01,Roberson,Sidney Dean,1995
mahayro01,Mahay,Ronald Matthew,1995
hurtaed01,Hurtado,Edwin Amilgar,1995
pittsji01,Pittsley,James Michael,1995
riverma01,Rivera,Mariano,1995
maxcybr01,Maxcy,David Brian,1995
harikti01,Harikkala,Timothy Allan,1995
castial01,Castillo,Alberto Terrero,1995
jeterde01,Jeter,Derek Sanderson,1995
normale01,Norman,Leslie Eugene,1995
unroeti01,Unroe,Timothy Brian,1995
gibrast01,Gibralter,Stephan Benson,1995
goodwcu01,Goodwin,Curtis LaMar,1995
keysebr01,Keyser,Brian Lee,1995
devarce01,Devarez,Cesar Salvatore,1995
nitkocj01,Nitkowski,Christopher John,1995
kowitbr01,Kowitz,Brian Mark,1995
owenser01,Owens,Eric Blake,1995
moutoly01,Mouton,Lyle Joseph,1995
walkepe01,Walker,Peter Brian,1995
cacered01,Caceres,Edgar Fidel,1995
barryje01,Barry,Jeffrey Finas,1995
hudsojo02,Hudson,Joseph Paul,1995
nevinph01,Nevin,Phillip Joseph,1995
ahearpa01,Ahearne,Patrick Howard,1995
schalge01,Schall,Eugene David,1995
pulsibi01,Pulsipher,William Thomas,1995
mantema01,Mantei,Matthew Bruce,1995
cedenro01,Cedeno,Roger Leandro,1995
parrist01,Parris,Steven Michael,1995
dishmgl01,Dishman,Glenelg Edward,1995
crabtti01,Crabtree,Timothy Lyle,1995
jordari03,Jordan,Ricardo,1995
karpry01,Karp,Ryan Jason,1995
masteda01,Masteller,Dan Patrick,1995
widgech01,Widger,Christopher Jon,1995
erickjo01,Ericks,John Edward,1995
givenbr01,Givens,Brian Allen,1995
martisa01,Martinez,Angel Sandy,1995
zaungr01,Zaun,Gregory Owen,1995
palmeor01,Palmeiro,Orlando,1995
tremich01,Tremie,Christopher James,1995
ledesaa01,Ledesma,Aaron David,1995
prietar01,Prieto,Ariel,1995
barkbr01,Bark,Brian Stuart,1995
morelra01,Morel,Ramon Rafael,1995
krivdri01,Krivda,Rick Michael,1995
kroonma01,Kroon,Marc Jason,1995
johnsdo04,Johns,Douglas Alan,1995
borowjo01,Borowski,Joseph Thomas,1995
thomami01,Thomas,Michael Steven,1995
hubbami01,Hubbard,Michael Wayne,1995
willige03,Williams,George Erik,1995
bakersc01,Baker,Scott,1995
isrinja01,Isringhausen,Jason Derik,1995
mcandja01,McAndrew,James Brian,1995
suppaje01,Suppan,Jeffrey Scot,1995
karchma01,Karchner,Matthew Dean,1995
valdeca01,Valdez,Carlos Luis,1995
wojcist01,Wojciechowski,Steven Joseph,1995
rekarbr01,Rekar,Bryan Robert,1995
sirotmi01,Sirotka,Michael Robert,1995
brandma01,Brandenburg,Mark Clay,1995
robinke01,Robinson,Kenneth Neal,1995
brewija01,Brewington,Jamie Chancellor,1995
byrdpa01,Byrd,Paul Gregory,1995
mathetj01,Mathews,Timothy Jay,1995
taylosc02,Taylor,Scott Michael,1995
bertomi01,Bertotti,Michael David,1995
carragi01,Carrara,Giovanni,1995
rogerji02,Rogers,James Randall,1995
snopech01,Snopek,Christopher Charles,1995
coomero01,Coomer,Ronald Bryan,1995
watkisc01,Watkins,Scott Allen,1995
santafp01,Santangelo,Frank-Paul,1995
konusde01,Konuszewski,Dennis John,1995
sweenma01,Sweeney,Mark Patrick,1995
fermira01,Fermin,Ramon Antonio,1995
munozos01,Munoz,Juan Oscar,1995
floredo01,Florence,Donald Emery,1995
jordake01,Jordan,Kevin Wayne,1995
adamste01,Adams,Terry Wayne,1995
thomala01,Thomas,Larry Wayne,1995
barbebr02,Barber,Brian Scott,1995
cooksbr01,Cookson,Brent Adam,1995
damonjo01,Damon,Johnny David,1995
dedriji01,Dedrick,James Michael,1995
herrejo02,Herrera,Jose Ramon,1995
murrama01,Murray,Matthew Michael,1995
simasbi01,Simas,William Anthony,1995
wolcobo01,Wolcott,Robert William,1995
alvarta01,Alvarez,Cesar Octavio,1995
wasdijo01,Wasdin,John Truman,1995
bruskji01,Bruske,James Scott,1995
camermi01,Cameron,Michael Terrance,1995
valdema01,Valdes,Marc Christopher,1995
buschmi01,Busch,Michael Anthony,1995
gracemi02,Grace,Michael James,1995
hoseydw01,Hosey,Dwayne Samuel,1995
castrju01,Castro,Juan Gabriel,1995
garcika01,Garcia,Gustavo Karim,1995
stewash01,Stewart,Shannon Harold,1995
walldo01,Wall,Donnell Lee,1995
wareje01,Ware,Jeffrey Allan,1995
clarkto02,Clark,Anthony Christopher,1995
hancole01,Hancock,Leland David,1995
riverro01,Rivera,Roberto,1995
riverru01,Rivera,Ruben,1995
swartda01,Swartzbaugh,David Theodore,1995
davissc01,Davison,Scotty Ray,1995
huismri01,Huisman,Richard Allen,1995
loretma01,Loretta,Mark David,1995
mecirji01,Mecir,James Jason,1995
posadjo01,Posada,Jorge Rafael,1995
sodowcl01,Sodowsky,Clint Rea,1995
sweenmi01,Sweeney,Michael John,1995
battlho01,Battle,Howard Dion,1995
benarma01,Benard,Marvin Larry,1995
bradydo01,Brady,Stephen Douglas,1995
lawtoma02,Lawton,Matthew,1995
aurilri01,Aurilia,Richard Santo,1995
francma01,Franco,Matthew Neil,1995
andujlu01,Andujar,Luis,1995
hattesc01,Hatteberg,Scott Allen,1995
riccich01,Ricci,Charles Mark,1995
sefcike01,Sefcik,Kevin John,1995
giovaed01,Giovanola,Edward Thomas,1995
mayda02,May,Darrell Kevin,1995
perezed02,Perez,Eduardo Rafael,1995
powelja04,Powell,James Willard,1995
pozoar01,Pozo,Arquimedez,1995
thobeto01,Thobe,Thomas Neal,1995
wadete01,Wade,Hawatha Terrell,1995
hayneji01,Haynes,Jimmy Wayne,1995
sprinde01,Springer,Dennis LeRoy,1995
wagnebi02,Wagner,William Edward,1995
benitya01,Benitez,Yamil Antonio,1995
hajekda01,Hajek,David Vincent,1995
estessh01,Estes,Aaron Shawn,1995
gilesbr02,Giles,Brian Stephen,1995
counscr01,Counsell,Craig John,1995
creekdo01,Creek,Paul Douglas,1995
mccraqu01,McCracken,Quinton Antoine,1995
raabebr01,Raabe,Brian Charles,1995
ochoaal01,Ochoa,Alex,1995
persoro01,Person,Robert Alan,1995
thobejj01,Thobe,John Joseph,1995
benesal01,Benes,Alan Paul,1995
roajo01,Roa,Joseph Rodger,1995
bennega01,Bennett,Gary David,1995
